group_id,is_representative,clip_id,captured_at,labeling_url,owner_verdict
wheel_ep_001,yes,3826fdc6-2d13-4113-bef8-fe1fca2055cb,2026-07-19T06:15:17+00:00,https://label.tera-ai.uk/labeling/motion/3826fdc6-2d13-4113-bef8-fe1fca2055cb,
wheel_ep_001,yes,5bfbdeba-c43d-4906-a2c6-3abb4fb80cd1,2026-07-19T06:09:36+00:00,https://label.tera-ai.uk/labeling/motion/5bfbdeba-c43d-4906-a2c6-3abb4fb80cd1,
wheel_ep_002,yes,82192c28-496c-46e1-85c8-83436524055e,2026-07-19T07:35:29+00:00,https://label.tera-ai.uk/labeling/motion/82192c28-496c-46e1-85c8-83436524055e,
wheel_ep_002,yes,d1cd25a4-a252-43f5-87b0-0c3e93f4ee13,2026-07-19T07:34:28+00:00,https://label.tera-ai.uk/labeling/motion/d1cd25a4-a252-43f5-87b0-0c3e93f4ee13,
wheel_ep_002,no,ab2d5cd9-dd5d-4a17-8e3f-5e2e382b9914,2026-07-19T07:33:28+00:00,https://label.tera-ai.uk/labeling/motion/ab2d5cd9-dd5d-4a17-8e3f-5e2e382b9914,
wheel_ep_003,yes,265f061e-ca39-47e3-a852-98915251caa8,2026-07-19T14:08:47+00:00,https://label.tera-ai.uk/labeling/motion/265f061e-ca39-47e3-a852-98915251caa8,
wheel_ep_003,yes,ae84efea-42dc-48b3-9bfe-b94d1996d986,2026-07-19T14:07:47+00:00,https://label.tera-ai.uk/labeling/motion/ae84efea-42dc-48b3-9bfe-b94d1996d986,
wheel_ep_004,yes,01b1066c-1596-4ec7-89f1-a785b3410888,2026-07-19T16:33:58+00:00,https://label.tera-ai.uk/labeling/motion/01b1066c-1596-4ec7-89f1-a785b3410888,
wheel_ep_004,yes,32bcb936-7cb5-4295-bd9a-a6863ae08f75,2026-07-19T16:31:28+00:00,https://label.tera-ai.uk/labeling/motion/32bcb936-7cb5-4295-bd9a-a6863ae08f75,
wheel_ep_004,no,4cfebdd8-7915-4213-90ad-01c5237f13ab,2026-07-19T16:30:25+00:00,https://label.tera-ai.uk/labeling/motion/4cfebdd8-7915-4213-90ad-01c5237f13ab,
wheel_ep_004,no,6d180806-6679-4e43-885b-e27b9dffb19f,2026-07-19T16:32:33+00:00,https://label.tera-ai.uk/labeling/motion/6d180806-6679-4e43-885b-e27b9dffb19f,
wheel_ep_005,yes,171a33fd-743b-4783-aa44-c7de2ef17a1c,2026-07-19T16:48:06+00:00,https://label.tera-ai.uk/labeling/motion/171a33fd-743b-4783-aa44-c7de2ef17a1c,
wheel_ep_005,yes,53a8cd94-d9a9-4044-83d5-50c4659a66f8,2026-07-19T16:55:29+00:00,https://label.tera-ai.uk/labeling/motion/53a8cd94-d9a9-4044-83d5-50c4659a66f8,
wheel_ep_005,no,135deac2-0f39-4ec8-bf0f-16487a16e5ed,2026-07-19T16:46:44+00:00,https://label.tera-ai.uk/labeling/motion/135deac2-0f39-4ec8-bf0f-16487a16e5ed,
wheel_ep_006,yes,142eac11-199b-4e80-be19-c77a652264b8,2026-07-19T17:05:29+00:00,https://label.tera-ai.uk/labeling/motion/142eac11-199b-4e80-be19-c77a652264b8,
wheel_ep_006,yes,92691718-dc70-4173-924d-e4cafea19575,2026-07-19T17:02:17+00:00,https://label.tera-ai.uk/labeling/motion/92691718-dc70-4173-924d-e4cafea19575,
wheel_ep_007,yes,004cce0a-6381-4a3f-8cd9-864da0f3e950,2026-07-19T17:23:55+00:00,https://label.tera-ai.uk/labeling/motion/004cce0a-6381-4a3f-8cd9-864da0f3e950,
wheel_ep_007,yes,88a59301-ef2e-4d4b-8519-636863669a63,2026-07-19T17:20:47+00:00,https://label.tera-ai.uk/labeling/motion/88a59301-ef2e-4d4b-8519-636863669a63,
wheel_ep_007,no,2b5544a8-4ce0-4720-a379-93f1c99523a5,2026-07-19T17:22:51+00:00,https://label.tera-ai.uk/labeling/motion/2b5544a8-4ce0-4720-a379-93f1c99523a5,
wheel_ep_008,yes,45e3c265-1763-46db-8b9d-a35230d9f442,2026-07-20T06:35:15+00:00,https://label.tera-ai.uk/labeling/motion/45e3c265-1763-46db-8b9d-a35230d9f442,
wheel_ep_008,yes,7fbc67b5-1bf3-4727-9c93-199acd7d0297,2026-07-20T06:33:11+00:00,https://label.tera-ai.uk/labeling/motion/7fbc67b5-1bf3-4727-9c93-199acd7d0297,
wheel_ep_008,no,007df84a-aa80-46d9-8d48-990d3bd92ab3,2026-07-20T06:30:02+00:00,https://label.tera-ai.uk/labeling/motion/007df84a-aa80-46d9-8d48-990d3bd92ab3,
wheel_ep_009,yes,8d2f1357-3fcb-48b4-92e6-427d8b69fd00,2026-07-20T06:36:18+00:00,https://label.tera-ai.uk/labeling/motion/8d2f1357-3fcb-48b4-92e6-427d8b69fd00,
wheel_ep_009,yes,baf03427-0293-4025-9227-b1e845f587c3,2026-07-20T06:27:55+00:00,https://label.tera-ai.uk/labeling/motion/baf03427-0293-4025-9227-b1e845f587c3,
wheel_ep_010,yes,1c820044-bcab-421b-9e20-95956145da8c,2026-07-20T06:54:45+00:00,https://label.tera-ai.uk/labeling/motion/1c820044-bcab-421b-9e20-95956145da8c,
wheel_ep_010,yes,9afa8428-4406-4252-b673-650412cdac6d,2026-07-20T06:59:04+00:00,https://label.tera-ai.uk/labeling/motion/9afa8428-4406-4252-b673-650412cdac6d,
wheel_ep_010,no,8677ca36-c106-41fd-a0e5-952c6a6dfb8b,2026-07-20T07:00:08+00:00,https://label.tera-ai.uk/labeling/motion/8677ca36-c106-41fd-a0e5-952c6a6dfb8b,
wheel_ep_011,yes,096c0cf7-f869-4bc9-872a-2d322dd49d19,2026-07-20T06:55:55+00:00,https://label.tera-ai.uk/labeling/motion/096c0cf7-f869-4bc9-872a-2d322dd49d19,
wheel_ep_011,yes,976535bc-a679-405c-a7ea-a9706d4dfd24,2026-07-20T06:57:01+00:00,https://label.tera-ai.uk/labeling/motion/976535bc-a679-405c-a7ea-a9706d4dfd24,
wheel_ep_011,no,ae22bdb2-c5e5-4464-8aee-ece2be1a702b,2026-07-20T06:52:23+00:00,https://label.tera-ai.uk/labeling/motion/ae22bdb2-c5e5-4464-8aee-ece2be1a702b,
wheel_ep_012,yes,3cf8b4ae-68bd-4a50-b10d-7942d63b4d26,2026-07-20T16:28:05+00:00,https://label.tera-ai.uk/labeling/motion/3cf8b4ae-68bd-4a50-b10d-7942d63b4d26,
wheel_ep_012,yes,3e10dd5b-0174-4cc6-a88e-335d0d2d328c,2026-07-20T16:22:27+00:00,https://label.tera-ai.uk/labeling/motion/3e10dd5b-0174-4cc6-a88e-335d0d2d328c,
wheel_ep_012,yes,b5332587-8d0f-43f4-9af7-21d0c2eeadf6,2026-07-20T16:24:52+00:00,https://label.tera-ai.uk/labeling/motion/b5332587-8d0f-43f4-9af7-21d0c2eeadf6,
wheel_ep_013,yes,afd13cce-8860-44c1-984c-a201347d594a,2026-07-20T16:42:35+00:00,https://label.tera-ai.uk/labeling/motion/afd13cce-8860-44c1-984c-a201347d594a,
wheel_ep_013,yes,ee97ae76-4553-4e8b-b24b-c80bf3cf25da,2026-07-20T16:33:36+00:00,https://label.tera-ai.uk/labeling/motion/ee97ae76-4553-4e8b-b24b-c80bf3cf25da,
wheel_ep_013,no,8b610d6a-7b08-492b-b9d8-122d36d18e60,2026-07-20T16:32:35+00:00,https://label.tera-ai.uk/labeling/motion/8b610d6a-7b08-492b-b9d8-122d36d18e60,
wheel_ep_014,yes,9128a170-d13c-486a-8114-04c1506a5749,2026-07-20T16:47:14+00:00,https://label.tera-ai.uk/labeling/motion/9128a170-d13c-486a-8114-04c1506a5749,
wheel_ep_014,yes,a0d6f1ff-e1c8-430f-aea7-9025b4673195,2026-07-20T16:44:39+00:00,https://label.tera-ai.uk/labeling/motion/a0d6f1ff-e1c8-430f-aea7-9025b4673195,
wheel_ep_015,yes,2771cdb9-fdd7-48de-9f87-4451b87607c5,2026-07-20T17:42:06+00:00,https://label.tera-ai.uk/labeling/motion/2771cdb9-fdd7-48de-9f87-4451b87607c5,
wheel_ep_015,yes,d2442527-53d9-45d7-9383-d997b967ae40,2026-07-20T17:43:33+00:00,https://label.tera-ai.uk/labeling/motion/d2442527-53d9-45d7-9383-d997b967ae40,
wheel_ep_016,yes,443f4fa3-c43e-4969-89d4-08595cb114b0,2026-07-20T18:06:55+00:00,https://label.tera-ai.uk/labeling/motion/443f4fa3-c43e-4969-89d4-08595cb114b0,
wheel_ep_016,yes,603c6e47-14a5-4c0b-98a0-dac31ef5c8da,2026-07-20T18:02:20+00:00,https://label.tera-ai.uk/labeling/motion/603c6e47-14a5-4c0b-98a0-dac31ef5c8da,
wheel_ep_016,no,a97a07cf-1b0a-4ab9-9812-16afff5cae4d,2026-07-20T18:08:01+00:00,https://label.tera-ai.uk/labeling/motion/a97a07cf-1b0a-4ab9-9812-16afff5cae4d,
wheel_ep_017,yes,06ee74d7-ba87-4441-aca4-3446a1846bc7,2026-07-20T18:15:35+00:00,https://label.tera-ai.uk/labeling/motion/06ee74d7-ba87-4441-aca4-3446a1846bc7,
wheel_ep_017,yes,3ee4abf2-ab1e-446d-8851-423a3a405273,2026-07-20T18:20:45+00:00,https://label.tera-ai.uk/labeling/motion/3ee4abf2-ab1e-446d-8851-423a3a405273,
wheel_ep_018,yes,522b8a57-0a20-49a6-ba8e-1f6b7827572c,2026-07-20T19:38:23+00:00,https://label.tera-ai.uk/labeling/motion/522b8a57-0a20-49a6-ba8e-1f6b7827572c,
wheel_ep_018,yes,71f0b17a-484a-4dd1-978c-b8e2fe71d96e,2026-07-20T19:36:21+00:00,https://label.tera-ai.uk/labeling/motion/71f0b17a-484a-4dd1-978c-b8e2fe71d96e,
wheel_ep_019,yes,958d71f0-3e27-4d7e-8d16-7c139d70bb65,2026-07-20T19:50:11+00:00,https://label.tera-ai.uk/labeling/motion/958d71f0-3e27-4d7e-8d16-7c139d70bb65,
wheel_ep_019,yes,df08042d-b0c7-4426-a892-e3bd88c945cd,2026-07-20T19:49:11+00:00,https://label.tera-ai.uk/labeling/motion/df08042d-b0c7-4426-a892-e3bd88c945cd,
wheel_ep_019,no,03824b18-cbf6-442b-bcde-2dfcb3f1aa7e,2026-07-20T19:51:12+00:00,https://label.tera-ai.uk/labeling/motion/03824b18-cbf6-442b-bcde-2dfcb3f1aa7e,
wheel_ep_019,no,3055a9e9-88ab-46fc-ad05-f3797be39b3b,2026-07-20T19:54:55+00:00,https://label.tera-ai.uk/labeling/motion/3055a9e9-88ab-46fc-ad05-f3797be39b3b,
wheel_ep_019,no,c63d35be-c3bf-403c-a9b9-d9b377f978ee,2026-07-20T19:46:40+00:00,https://label.tera-ai.uk/labeling/motion/c63d35be-c3bf-403c-a9b9-d9b377f978ee,
wheel_ep_019,no,d662d3a5-f975-41a8-bca6-4c4849a09a97,2026-07-20T19:47:41+00:00,https://label.tera-ai.uk/labeling/motion/d662d3a5-f975-41a8-bca6-4c4849a09a97,
wheel_ep_020,yes,aacf422a-bce3-4f81-9587-c6530bf9a850,2026-07-20T20:02:17+00:00,https://label.tera-ai.uk/labeling/motion/aacf422a-bce3-4f81-9587-c6530bf9a850,
wheel_ep_020,yes,f9859314-5bbf-4e60-9d28-fe275123030e,2026-07-20T20:00:10+00:00,https://label.tera-ai.uk/labeling/motion/f9859314-5bbf-4e60-9d28-fe275123030e,
wheel_ep_021,yes,4c62c1c0-c067-41c6-be14-b27b0a7bc3c9,2026-07-20T20:16:20+00:00,https://label.tera-ai.uk/labeling/motion/4c62c1c0-c067-41c6-be14-b27b0a7bc3c9,
wheel_ep_021,yes,7f20614d-88c6-4c9f-8772-ba20e56c0850,2026-07-20T20:12:09+00:00,https://label.tera-ai.uk/labeling/motion/7f20614d-88c6-4c9f-8772-ba20e56c0850,
wheel_ep_021,no,f438541e-a0fb-4db2-bb55-d2ab48934b5b,2026-07-20T20:07:05+00:00,https://label.tera-ai.uk/labeling/motion/f438541e-a0fb-4db2-bb55-d2ab48934b5b,
wheel_ep_021,no,fabacc3e-d8a9-4590-ba83-32ab9a7caeea,2026-07-20T20:08:05+00:00,https://label.tera-ai.uk/labeling/motion/fabacc3e-d8a9-4590-ba83-32ab9a7caeea,
wheel_ep_022,yes,903a5e16-0944-4120-a176-350fd4deb4eb,2026-07-20T20:22:19+00:00,https://label.tera-ai.uk/labeling/motion/903a5e16-0944-4120-a176-350fd4deb4eb,
wheel_ep_022,yes,deab7b61-28ac-42c3-97a1-6d8fcb133284,2026-07-20T20:17:21+00:00,https://label.tera-ai.uk/labeling/motion/deab7b61-28ac-42c3-97a1-6d8fcb133284,
wheel_ep_023,yes,b408654c-4128-4c84-bda2-57e9d8911fd8,2026-07-20T20:31:52+00:00,https://label.tera-ai.uk/labeling/motion/b408654c-4128-4c84-bda2-57e9d8911fd8,
wheel_ep_023,yes,c7ed0c9b-ddc6-4f80-b954-5ead0181ed4d,2026-07-20T20:32:58+00:00,https://label.tera-ai.uk/labeling/motion/c7ed0c9b-ddc6-4f80-b954-5ead0181ed4d,
wheel_ep_024,yes,508fb8dd-337d-43a1-b181-6eef4cfe3651,2026-07-20T20:45:35+00:00,https://label.tera-ai.uk/labeling/motion/508fb8dd-337d-43a1-b181-6eef4cfe3651,
wheel_ep_024,yes,c1b0e485-cda2-47ae-aced-54450d9b0f37,2026-07-20T20:44:34+00:00,https://label.tera-ai.uk/labeling/motion/c1b0e485-cda2-47ae-aced-54450d9b0f37,
wheel_ep_024,no,6113e818-27fb-4948-bbc3-70d9e3ddc347,2026-07-20T20:39:45+00:00,https://label.tera-ai.uk/labeling/motion/6113e818-27fb-4948-bbc3-70d9e3ddc347,
wheel_ep_025,yes,5cb2a5e9-dec7-4185-9700-7171c1b4949c,2026-07-21T03:21:39+00:00,https://label.tera-ai.uk/labeling/motion/5cb2a5e9-dec7-4185-9700-7171c1b4949c,
wheel_ep_025,yes,cffa70c1-aac2-4ea6-90f6-4be1a97f61d6,2026-07-21T03:29:20+00:00,https://label.tera-ai.uk/labeling/motion/cffa70c1-aac2-4ea6-90f6-4be1a97f61d6,
wheel_ep_026,yes,5030fff8-a4e9-42ea-b3fe-a56b030788ee,2026-07-21T07:19:35+00:00,https://label.tera-ai.uk/labeling/motion/5030fff8-a4e9-42ea-b3fe-a56b030788ee,
wheel_ep_026,yes,585d41eb-7615-4c08-87e2-f1d71c616c11,2026-07-21T07:20:35+00:00,https://label.tera-ai.uk/labeling/motion/585d41eb-7615-4c08-87e2-f1d71c616c11,
wheel_ep_026,no,925715d3-3186-4b32-8bba-fff4ae90f4d6,2026-07-21T07:21:36+00:00,https://label.tera-ai.uk/labeling/motion/925715d3-3186-4b32-8bba-fff4ae90f4d6,
wheel_ep_026,no,d7f3ba86-5597-4f97-9bec-08c4e9c955e2,2026-07-21T07:15:33+00:00,https://label.tera-ai.uk/labeling/motion/d7f3ba86-5597-4f97-9bec-08c4e9c955e2,
wheel_ep_027,yes,4f4e7f95-9c8d-442e-8db1-f34511bd8347,2026-07-21T07:24:37+00:00,https://label.tera-ai.uk/labeling/motion/4f4e7f95-9c8d-442e-8db1-f34511bd8347,
wheel_ep_027,yes,673afb92-fd91-469a-8ec8-73b0242921c5,2026-07-21T07:22:36+00:00,https://label.tera-ai.uk/labeling/motion/673afb92-fd91-469a-8ec8-73b0242921c5,
wheel_ep_027,no,5ea38549-274c-4b4f-b7fe-b28fee0ef124,2026-07-21T07:23:37+00:00,https://label.tera-ai.uk/labeling/motion/5ea38549-274c-4b4f-b7fe-b28fee0ef124,
wheel_ep_028,yes,29005ead-d6a2-4014-a212-0ea6ceaed5fc,2026-07-21T07:32:40+00:00,https://label.tera-ai.uk/labeling/motion/29005ead-d6a2-4014-a212-0ea6ceaed5fc,
wheel_ep_028,yes,b699d0bf-fd64-403d-8b72-8eec04c8cada,2026-07-21T07:26:38+00:00,https://label.tera-ai.uk/labeling/motion/b699d0bf-fd64-403d-8b72-8eec04c8cada,
wheel_ep_028,no,176bceae-b964-450f-af6e-c176228c1b82,2026-07-21T07:31:40+00:00,https://label.tera-ai.uk/labeling/motion/176bceae-b964-450f-af6e-c176228c1b82,
wheel_ep_028,no,2c0c87bd-1e4b-4ac4-8fb8-b597eacdbc8c,2026-07-21T07:28:39+00:00,https://label.tera-ai.uk/labeling/motion/2c0c87bd-1e4b-4ac4-8fb8-b597eacdbc8c,
wheel_ep_028,no,370e7e78-c79c-483a-8b4c-9c5700f45e63,2026-07-21T07:33:41+00:00,https://label.tera-ai.uk/labeling/motion/370e7e78-c79c-483a-8b4c-9c5700f45e63,
wheel_ep_028,no,654ec6d3-c258-4b31-8b23-ed3e132db96b,2026-07-21T07:34:41+00:00,https://label.tera-ai.uk/labeling/motion/654ec6d3-c258-4b31-8b23-ed3e132db96b,
wheel_ep_028,no,939435f5-b7f4-403b-9fd3-ed89eb26c0bd,2026-07-21T07:30:39+00:00,https://label.tera-ai.uk/labeling/motion/939435f5-b7f4-403b-9fd3-ed89eb26c0bd,
wheel_ep_029,yes,1f79c311-a498-420e-b922-32368b0a92f5,2026-07-21T07:40:44+00:00,https://label.tera-ai.uk/labeling/motion/1f79c311-a498-420e-b922-32368b0a92f5,
wheel_ep_029,yes,36a221c6-48ad-4475-84d1-898671a204ba,2026-07-21T07:41:44+00:00,https://label.tera-ai.uk/labeling/motion/36a221c6-48ad-4475-84d1-898671a204ba,
wheel_ep_030,yes,12a0586e-8fdd-4b70-b35f-bc8ca591f247,2026-07-21T07:37:42+00:00,https://label.tera-ai.uk/labeling/motion/12a0586e-8fdd-4b70-b35f-bc8ca591f247,
wheel_ep_030,yes,578a650b-eb54-4f18-8a67-44770f846c41,2026-07-21T07:42:44+00:00,https://label.tera-ai.uk/labeling/motion/578a650b-eb54-4f18-8a67-44770f846c41,
wheel_ep_030,no,643b52bc-743f-417f-ad1c-fb8da9e167d0,2026-07-21T07:36:42+00:00,https://label.tera-ai.uk/labeling/motion/643b52bc-743f-417f-ad1c-fb8da9e167d0,
wheel_ep_030,no,b6f172ff-cf3a-4fd1-be9d-6d10ef651e34,2026-07-21T07:35:41+00:00,https://label.tera-ai.uk/labeling/motion/b6f172ff-cf3a-4fd1-be9d-6d10ef651e34,
wheel_ep_030,no,b82d89aa-64ea-4fe6-ab9e-b9d7710e234d,2026-07-21T07:44:45+00:00,https://label.tera-ai.uk/labeling/motion/b82d89aa-64ea-4fe6-ab9e-b9d7710e234d,
wheel_ep_030,no,f0cd9698-3e71-4f1d-a11c-5ff5fb5e4328,2026-07-21T07:38:43+00:00,https://label.tera-ai.uk/labeling/motion/f0cd9698-3e71-4f1d-a11c-5ff5fb5e4328,
wheel_ep_031,yes,a4a960f5-429b-4bc5-b92f-cb725c2af6b5,2026-07-21T07:45:46+00:00,https://label.tera-ai.uk/labeling/motion/a4a960f5-429b-4bc5-b92f-cb725c2af6b5,
wheel_ep_031,yes,e44c8380-ae7a-4b96-859b-61d75e0e3be5,2026-07-21T07:50:34+00:00,https://label.tera-ai.uk/labeling/motion/e44c8380-ae7a-4b96-859b-61d75e0e3be5,
wheel_ep_031,no,82cc50e2-d104-4bde-b7ed-29fa35d3ad01,2026-07-21T07:46:46+00:00,https://label.tera-ai.uk/labeling/motion/82cc50e2-d104-4bde-b7ed-29fa35d3ad01,
wheel_ep_031,no,9a6e6f41-b7a0-40fa-87e3-9c5c487a33f4,2026-07-21T07:52:34+00:00,https://label.tera-ai.uk/labeling/motion/9a6e6f41-b7a0-40fa-87e3-9c5c487a33f4,
wheel_ep_031,no,b5785206-4edd-48c3-b07c-589f053cc332,2026-07-21T07:51:34+00:00,https://label.tera-ai.uk/labeling/motion/b5785206-4edd-48c3-b07c-589f053cc332,
wheel_ep_031,no,cdfdc771-bc37-4842-828c-6085b9b5d8e5,2026-07-21T07:54:35+00:00,https://label.tera-ai.uk/labeling/motion/cdfdc771-bc37-4842-828c-6085b9b5d8e5,
wheel_ep_032,yes,570f48ca-c5c3-4077-aa73-1c64c94b6f22,2026-07-21T08:02:24+00:00,https://label.tera-ai.uk/labeling/motion/570f48ca-c5c3-4077-aa73-1c64c94b6f22,
wheel_ep_032,yes,94f55dd2-ca7a-4bcd-8308-9136885d7215,2026-07-21T08:04:25+00:00,https://label.tera-ai.uk/labeling/motion/94f55dd2-ca7a-4bcd-8308-9136885d7215,
wheel_ep_032,no,3a525db9-5967-4dc8-a141-0dfc3d46e88a,2026-07-21T07:56:21+00:00,https://label.tera-ai.uk/labeling/motion/3a525db9-5967-4dc8-a141-0dfc3d46e88a,
wheel_ep_032,no,836be217-e2ef-4e41-8b6d-0afce9ded12c,2026-07-21T08:00:23+00:00,https://label.tera-ai.uk/labeling/motion/836be217-e2ef-4e41-8b6d-0afce9ded12c,
wheel_ep_032,no,fc38fbea-7da8-4206-bea7-82ec38da7e62,2026-07-21T07:58:22+00:00,https://label.tera-ai.uk/labeling/motion/fc38fbea-7da8-4206-bea7-82ec38da7e62,
wheel_ep_033,yes,353aeac7-6a11-47ae-8fad-eb46dfd2c400,2026-07-21T08:08:26+00:00,https://label.tera-ai.uk/labeling/motion/353aeac7-6a11-47ae-8fad-eb46dfd2c400,
wheel_ep_033,yes,357642e9-5c8b-416d-a379-d03c13d3d3b0,2026-07-21T08:15:20+00:00,https://label.tera-ai.uk/labeling/motion/357642e9-5c8b-416d-a379-d03c13d3d3b0,
wheel_ep_033,no,6e62f7d9-b06e-4f00-b3ca-b912d60c9030,2026-07-21T08:10:27+00:00,https://label.tera-ai.uk/labeling/motion/6e62f7d9-b06e-4f00-b3ca-b912d60c9030,
wheel_ep_033,no,9498ced2-b07e-44f5-9666-ae36106ce356,2026-07-21T08:13:19+00:00,https://label.tera-ai.uk/labeling/motion/9498ced2-b07e-44f5-9666-ae36106ce356,
wheel_ep_034,yes,50b1d6a4-315a-4400-bed3-5d799fe4d5a3,2026-07-21T08:22:23+00:00,https://label.tera-ai.uk/labeling/motion/50b1d6a4-315a-4400-bed3-5d799fe4d5a3,
wheel_ep_034,yes,df5c3d14-43e7-413c-9cc4-bfbf1e1f9512,2026-07-21T08:27:12+00:00,https://label.tera-ai.uk/labeling/motion/df5c3d14-43e7-413c-9cc4-bfbf1e1f9512,
wheel_ep_034,no,048a5dbc-de34-4059-817e-162e39f3f8df,2026-07-21T08:21:22+00:00,https://label.tera-ai.uk/labeling/motion/048a5dbc-de34-4059-817e-162e39f3f8df,
wheel_ep_034,no,59ed3b0e-ee7e-4f3c-b98b-0a70cc94a99c,2026-07-21T08:17:20+00:00,https://label.tera-ai.uk/labeling/motion/59ed3b0e-ee7e-4f3c-b98b-0a70cc94a99c,
wheel_ep_034,no,9e04011a-a035-41f0-aa49-5979883f3d60,2026-07-21T08:19:21+00:00,https://label.tera-ai.uk/labeling/motion/9e04011a-a035-41f0-aa49-5979883f3d60,
wheel_ep_034,no,cec68833-2ec9-4761-a47e-4d4c9c517fb7,2026-07-21T08:25:24+00:00,https://label.tera-ai.uk/labeling/motion/cec68833-2ec9-4761-a47e-4d4c9c517fb7,
wheel_ep_035,yes,0de1d112-f1bc-484a-bd2e-8bc8488806d1,2026-07-21T08:57:15+00:00,https://label.tera-ai.uk/labeling/motion/0de1d112-f1bc-484a-bd2e-8bc8488806d1,
wheel_ep_035,yes,76e70195-4545-44f5-89d7-7c51f3df2581,2026-07-21T08:59:06+00:00,https://label.tera-ai.uk/labeling/motion/76e70195-4545-44f5-89d7-7c51f3df2581,
wheel_ep_035,no,155f3271-c170-4102-8f08-8f2eae26fb2f,2026-07-21T08:55:14+00:00,https://label.tera-ai.uk/labeling/motion/155f3271-c170-4102-8f08-8f2eae26fb2f,
wheel_ep_035,no,5e98e3d4-7633-4ae6-b8ac-836a12b3244e,2026-07-21T08:51:12+00:00,https://label.tera-ai.uk/labeling/motion/5e98e3d4-7633-4ae6-b8ac-836a12b3244e,
wheel_ep_035,no,77daec83-cdcc-4f57-b006-72eb2329181e,2026-07-21T08:53:13+00:00,https://label.tera-ai.uk/labeling/motion/77daec83-cdcc-4f57-b006-72eb2329181e,
wheel_ep_036,yes,07550b9d-ef28-4029-9b7b-f7308cf1c4d4,2026-07-21T09:06:09+00:00,https://label.tera-ai.uk/labeling/motion/07550b9d-ef28-4029-9b7b-f7308cf1c4d4,
wheel_ep_036,yes,f23f5e29-991e-4c1a-bdeb-ba6ffacfca2f,2026-07-21T09:02:07+00:00,https://label.tera-ai.uk/labeling/motion/f23f5e29-991e-4c1a-bdeb-ba6ffacfca2f,
wheel_ep_036,no,4e688d0e-9712-45e8-bdd1-c36d1d0c0946,2026-07-21T09:03:08+00:00,https://label.tera-ai.uk/labeling/motion/4e688d0e-9712-45e8-bdd1-c36d1d0c0946,
wheel_ep_036,no,635a5d0c-89de-4ece-bc1c-0ce5b093d7ac,2026-07-21T09:05:09+00:00,https://label.tera-ai.uk/labeling/motion/635a5d0c-89de-4ece-bc1c-0ce5b093d7ac,
wheel_ep_036,no,e90edd95-7d07-4a31-99d2-abc3f2ef824e,2026-07-21T09:01:07+00:00,https://label.tera-ai.uk/labeling/motion/e90edd95-7d07-4a31-99d2-abc3f2ef824e,
wheel_ep_037,yes,c1b2d61b-8d84-4001-ad6b-64e2ad3003d2,2026-07-21T09:11:11+00:00,https://label.tera-ai.uk/labeling/motion/c1b2d61b-8d84-4001-ad6b-64e2ad3003d2,
wheel_ep_037,yes,e9104e2b-077b-4235-ba26-f5fad9e0e918,2026-07-21T09:15:13+00:00,https://label.tera-ai.uk/labeling/motion/e9104e2b-077b-4235-ba26-f5fad9e0e918,
wheel_ep_038,yes,06fe028c-52a5-4374-b6f0-5702b35e1d59,2026-07-21T09:30:08+00:00,https://label.tera-ai.uk/labeling/motion/06fe028c-52a5-4374-b6f0-5702b35e1d59,
wheel_ep_038,yes,154942a5-a1c2-4780-90fc-ab27a58500f1,2026-07-21T09:29:07+00:00,https://label.tera-ai.uk/labeling/motion/154942a5-a1c2-4780-90fc-ab27a58500f1,
wheel_ep_038,no,bcb1769a-b7fc-49c5-88fb-244777fd715c,2026-07-21T09:28:07+00:00,https://label.tera-ai.uk/labeling/motion/bcb1769a-b7fc-49c5-88fb-244777fd715c,
wheel_ep_039,yes,491e4398-f246-4bd8-a6c4-0df461f0add3,2026-07-21T09:32:09+00:00,https://label.tera-ai.uk/labeling/motion/491e4398-f246-4bd8-a6c4-0df461f0add3,
wheel_ep_039,yes,9bd21094-7541-46d9-95ec-49d70d8197e8,2026-07-21T09:33:09+00:00,https://label.tera-ai.uk/labeling/motion/9bd21094-7541-46d9-95ec-49d70d8197e8,
wheel_ep_039,no,22e95e0f-9f4a-492c-b980-bc7d368bd505,2026-07-21T09:34:10+00:00,https://label.tera-ai.uk/labeling/motion/22e95e0f-9f4a-492c-b980-bc7d368bd505,
wheel_ep_039,no,a5478b20-25a0-4805-9d90-8e5857d78983,2026-07-21T09:40:12+00:00,https://label.tera-ai.uk/labeling/motion/a5478b20-25a0-4805-9d90-8e5857d78983,
wheel_ep_039,no,d2d502f5-525d-4e36-beb9-893f5bf7fca8,2026-07-21T09:36:10+00:00,https://label.tera-ai.uk/labeling/motion/d2d502f5-525d-4e36-beb9-893f5bf7fca8,
wheel_ep_039,no,ddd4631e-9438-4e84-ab2f-3d04741cd0cd,2026-07-21T09:38:11+00:00,https://label.tera-ai.uk/labeling/motion/ddd4631e-9438-4e84-ab2f-3d04741cd0cd,
wheel_ep_040,yes,673f0c7b-3dc1-4576-bc39-681db956e438,2026-07-21T09:49:04+00:00,https://label.tera-ai.uk/labeling/motion/673f0c7b-3dc1-4576-bc39-681db956e438,
wheel_ep_040,yes,c738e1d5-1c20-4e0c-b344-f3f6487b6950,2026-07-21T09:42:01+00:00,https://label.tera-ai.uk/labeling/motion/c738e1d5-1c20-4e0c-b344-f3f6487b6950,
wheel_ep_040,no,5f16a272-7cd1-404e-a472-0baaec758e00,2026-07-21T09:47:04+00:00,https://label.tera-ai.uk/labeling/motion/5f16a272-7cd1-404e-a472-0baaec758e00,
wheel_ep_040,no,6fe87b2d-da0e-4d38-bead-8238964cdd26,2026-07-21T09:50:05+00:00,https://label.tera-ai.uk/labeling/motion/6fe87b2d-da0e-4d38-bead-8238964cdd26,
wheel_ep_040,no,7b5ed018-af45-4c18-b7a1-8a866a4b38ef,2026-07-21T09:44:02+00:00,https://label.tera-ai.uk/labeling/motion/7b5ed018-af45-4c18-b7a1-8a866a4b38ef,
wheel_ep_040,no,7f180c35-b6a1-4ded-8fd4-1b130ddac43d,2026-07-21T09:48:04+00:00,https://label.tera-ai.uk/labeling/motion/7f180c35-b6a1-4ded-8fd4-1b130ddac43d,
wheel_ep_040,no,ce3a27f8-485c-4b9c-9878-ce2a05df66d7,2026-07-21T09:46:03+00:00,https://label.tera-ai.uk/labeling/motion/ce3a27f8-485c-4b9c-9878-ce2a05df66d7,
wheel_ep_041,yes,3d894b2d-b132-482b-bc99-2f74386c22ff,2026-07-21T09:53:06+00:00,https://label.tera-ai.uk/labeling/motion/3d894b2d-b132-482b-bc99-2f74386c22ff,
wheel_ep_041,yes,cf6a662b-e975-4bf7-a990-435492ff4e01,2026-07-21T09:57:08+00:00,https://label.tera-ai.uk/labeling/motion/cf6a662b-e975-4bf7-a990-435492ff4e01,
wheel_ep_041,no,54b1d8d2-0fe1-453e-9436-cc9eaa511a13,2026-07-21T09:52:06+00:00,https://label.tera-ai.uk/labeling/motion/54b1d8d2-0fe1-453e-9436-cc9eaa511a13,
wheel_ep_041,no,7a288955-9b3f-4c91-9c73-eba655397a48,2026-07-21T09:56:07+00:00,https://label.tera-ai.uk/labeling/motion/7a288955-9b3f-4c91-9c73-eba655397a48,
wheel_ep_041,no,8173a187-0aa8-4b48-ac66-92934843f020,2026-07-21T09:59:06+00:00,https://label.tera-ai.uk/labeling/motion/8173a187-0aa8-4b48-ac66-92934843f020,
wheel_ep_041,no,bb87bdef-37af-43ae-b60d-feb6af71bce8,2026-07-21T09:54:07+00:00,https://label.tera-ai.uk/labeling/motion/bb87bdef-37af-43ae-b60d-feb6af71bce8,
wheel_ep_041,no,cce12439-4bb0-45cb-bf1a-7a50b9af778c,2026-07-21T09:55:07+00:00,https://label.tera-ai.uk/labeling/motion/cce12439-4bb0-45cb-bf1a-7a50b9af778c,
wheel_ep_041,no,d3b5e27c-5f86-441a-a4a9-a2218a51b168,2026-07-21T10:01:06+00:00,https://label.tera-ai.uk/labeling/motion/d3b5e27c-5f86-441a-a4a9-a2218a51b168,
wheel_ep_042,yes,6c49a8eb-a223-45a0-ae7c-83864a15bced,2026-07-21T10:10:10+00:00,https://label.tera-ai.uk/labeling/motion/6c49a8eb-a223-45a0-ae7c-83864a15bced,
wheel_ep_042,yes,d1e98c34-d8e9-4bd0-a76d-52add0f9f60e,2026-07-21T10:07:09+00:00,https://label.tera-ai.uk/labeling/motion/d1e98c34-d8e9-4bd0-a76d-52add0f9f60e,
wheel_ep_042,no,43dc2592-f906-41b6-a1bb-48d80bca5413,2026-07-21T10:06:08+00:00,https://label.tera-ai.uk/labeling/motion/43dc2592-f906-41b6-a1bb-48d80bca5413,
wheel_ep_042,no,63c85c60-eb20-4292-8bb9-a5c5996bfd51,2026-07-21T10:11:11+00:00,https://label.tera-ai.uk/labeling/motion/63c85c60-eb20-4292-8bb9-a5c5996bfd51,
wheel_ep_042,no,82c91666-a0e4-438f-a470-96c7b9a7245c,2026-07-21T10:09:10+00:00,https://label.tera-ai.uk/labeling/motion/82c91666-a0e4-438f-a470-96c7b9a7245c,
wheel_ep_042,no,9d293b8f-3233-40a7-89f9-b64a85181540,2026-07-21T10:03:07+00:00,https://label.tera-ai.uk/labeling/motion/9d293b8f-3233-40a7-89f9-b64a85181540,
wheel_ep_042,no,cd59f2a5-1a46-4770-baf2-335aabfe76eb,2026-07-21T10:05:08+00:00,https://label.tera-ai.uk/labeling/motion/cd59f2a5-1a46-4770-baf2-335aabfe76eb,
wheel_ep_043,yes,101c973d-313c-4f3c-8550-cd36df47fbc8,2026-07-21T10:13:11+00:00,https://label.tera-ai.uk/labeling/motion/101c973d-313c-4f3c-8550-cd36df47fbc8,
wheel_ep_043,yes,b7077f22-495a-41db-bffb-af5163faf607,2026-07-21T10:17:13+00:00,https://label.tera-ai.uk/labeling/motion/b7077f22-495a-41db-bffb-af5163faf607,
wheel_ep_043,no,194ce62c-2ade-4027-9b9a-07714859a9bd,2026-07-21T10:15:12+00:00,https://label.tera-ai.uk/labeling/motion/194ce62c-2ade-4027-9b9a-07714859a9bd,
wheel_ep_044,yes,13e63f84-1ce8-4b2a-a51f-478f852fe6f3,2026-07-21T10:28:07+00:00,https://label.tera-ai.uk/labeling/motion/13e63f84-1ce8-4b2a-a51f-478f852fe6f3,
wheel_ep_044,yes,e7155fef-0abb-426e-aa69-17cfc52e9eff,2026-07-21T10:31:58+00:00,https://label.tera-ai.uk/labeling/motion/e7155fef-0abb-426e-aa69-17cfc52e9eff,
wheel_ep_044,no,0e79c370-2674-465a-8ed0-de0d7816baa6,2026-07-21T10:26:06+00:00,https://label.tera-ai.uk/labeling/motion/0e79c370-2674-465a-8ed0-de0d7816baa6,
wheel_ep_045,yes,bcebc0d7-3ea7-4908-9a50-096252cb8028,2026-07-21T10:41:52+00:00,https://label.tera-ai.uk/labeling/motion/bcebc0d7-3ea7-4908-9a50-096252cb8028,
wheel_ep_045,yes,d8abe217-5ab9-4851-bf2c-beb8ab21857d,2026-07-21T10:33:48+00:00,https://label.tera-ai.uk/labeling/motion/d8abe217-5ab9-4851-bf2c-beb8ab21857d,
wheel_ep_045,no,efddfedb-5688-400c-a1fb-5a17b7c991e3,2026-07-21T10:35:49+00:00,https://label.tera-ai.uk/labeling/motion/efddfedb-5688-400c-a1fb-5a17b7c991e3,
wheel_ep_046,yes,534c1d84-a066-47b7-ad25-99ff27963db3,2026-07-21T10:53:48+00:00,https://label.tera-ai.uk/labeling/motion/534c1d84-a066-47b7-ad25-99ff27963db3,
wheel_ep_046,yes,a444f3b3-201f-4a3d-be49-11bd1c410ce3,2026-07-21T10:50:46+00:00,https://label.tera-ai.uk/labeling/motion/a444f3b3-201f-4a3d-be49-11bd1c410ce3,
wheel_ep_046,no,1ed54393-3320-4bf4-a497-5f032ddd3a44,2026-07-21T10:48:46+00:00,https://label.tera-ai.uk/labeling/motion/1ed54393-3320-4bf4-a497-5f032ddd3a44,
wheel_ep_046,no,25b914fd-4c46-48eb-a463-7ced98b37dd7,2026-07-21T10:51:47+00:00,https://label.tera-ai.uk/labeling/motion/25b914fd-4c46-48eb-a463-7ced98b37dd7,
wheel_ep_046,no,681093ff-ed33-4fdb-9124-21a0ff54cfc4,2026-07-21T10:46:45+00:00,https://label.tera-ai.uk/labeling/motion/681093ff-ed33-4fdb-9124-21a0ff54cfc4,
wheel_ep_046,no,8b1cc717-5712-4c6c-b5f3-57ff0f36dba9,2026-07-21T10:52:47+00:00,https://label.tera-ai.uk/labeling/motion/8b1cc717-5712-4c6c-b5f3-57ff0f36dba9,
wheel_ep_047,yes,68383182-4c33-4f43-90bb-1e2a628ffaa8,2026-07-21T10:54:48+00:00,https://label.tera-ai.uk/labeling/motion/68383182-4c33-4f43-90bb-1e2a628ffaa8,
wheel_ep_047,yes,cdb7cc00-46af-4722-b1ab-cc5734caf259,2026-07-21T11:01:51+00:00,https://label.tera-ai.uk/labeling/motion/cdb7cc00-46af-4722-b1ab-cc5734caf259,
wheel_ep_047,no,2415bcae-ca9b-4c84-8f01-19b50df58645,2026-07-21T11:00:51+00:00,https://label.tera-ai.uk/labeling/motion/2415bcae-ca9b-4c84-8f01-19b50df58645,
wheel_ep_047,no,35c7e661-ef20-4c34-a099-4c6f31f8256b,2026-07-21T11:03:52+00:00,https://label.tera-ai.uk/labeling/motion/35c7e661-ef20-4c34-a099-4c6f31f8256b,
wheel_ep_047,no,42743633-9cc5-4b0f-8a9e-4c2fd27c6746,2026-07-21T10:56:49+00:00,https://label.tera-ai.uk/labeling/motion/42743633-9cc5-4b0f-8a9e-4c2fd27c6746,
wheel_ep_047,no,8082c2f6-e5f4-4f96-89be-c72e540ca5b5,2026-07-21T10:58:50+00:00,https://label.tera-ai.uk/labeling/motion/8082c2f6-e5f4-4f96-89be-c72e540ca5b5,
wheel_ep_047,no,85545ba2-420d-4ed8-9ae1-5cf354dc0c03,2026-07-21T10:55:48+00:00,https://label.tera-ai.uk/labeling/motion/85545ba2-420d-4ed8-9ae1-5cf354dc0c03,
wheel_ep_047,no,ce1c4ae4-aa47-43fb-a57f-d1f50e59b5b3,2026-07-21T11:02:51+00:00,https://label.tera-ai.uk/labeling/motion/ce1c4ae4-aa47-43fb-a57f-d1f50e59b5b3,
wheel_ep_048,yes,ba46dc1a-f5e8-46c9-8f0a-4335538b8018,2026-07-21T11:14:22+00:00,https://label.tera-ai.uk/labeling/motion/ba46dc1a-f5e8-46c9-8f0a-4335538b8018,
wheel_ep_048,yes,f5ada3c2-0f98-4ce1-bb5e-1f5da2fe780f,2026-07-21T11:10:19+00:00,https://label.tera-ai.uk/labeling/motion/f5ada3c2-0f98-4ce1-bb5e-1f5da2fe780f,
wheel_ep_048,no,371d5fa4-2730-4635-9830-59fea4f4538e,2026-07-21T11:06:40+00:00,https://label.tera-ai.uk/labeling/motion/371d5fa4-2730-4635-9830-59fea4f4538e,
wheel_ep_049,yes,286d5d8c-a6e5-44b6-870d-bdb6bcb5d0aa,2026-07-21T11:11:19+00:00,https://label.tera-ai.uk/labeling/motion/286d5d8c-a6e5-44b6-870d-bdb6bcb5d0aa,
wheel_ep_049,yes,db9a4ead-8ccb-4ef6-b9fa-11ceb58f6214,2026-07-21T11:04:52+00:00,https://label.tera-ai.uk/labeling/motion/db9a4ead-8ccb-4ef6-b9fa-11ceb58f6214,
wheel_ep_050,yes,1b0ded4f-fba7-47b7-960a-dd0b1e937f8b,2026-07-21T11:23:19+00:00,https://label.tera-ai.uk/labeling/motion/1b0ded4f-fba7-47b7-960a-dd0b1e937f8b,
wheel_ep_050,yes,6573b364-587b-40ef-9d15-f6ef0f328425,2026-07-21T11:16:22+00:00,https://label.tera-ai.uk/labeling/motion/6573b364-587b-40ef-9d15-f6ef0f328425,
wheel_ep_050,no,0ba35867-7349-4360-a300-c920ee8ab871,2026-07-21T11:18:16+00:00,https://label.tera-ai.uk/labeling/motion/0ba35867-7349-4360-a300-c920ee8ab871,
wheel_ep_050,no,15ec2d6f-fa5e-4590-af79-1e5220b959c6,2026-07-21T11:24:19+00:00,https://label.tera-ai.uk/labeling/motion/15ec2d6f-fa5e-4590-af79-1e5220b959c6,
wheel_ep_050,no,b15b92b9-351f-4387-a691-320de93a96ce,2026-07-21T11:22:18+00:00,https://label.tera-ai.uk/labeling/motion/b15b92b9-351f-4387-a691-320de93a96ce,
wheel_ep_050,no,e76ae136-d03b-4ee7-b580-13005b24aa38,2026-07-21T11:20:17+00:00,https://label.tera-ai.uk/labeling/motion/e76ae136-d03b-4ee7-b580-13005b24aa38,
wheel_ep_050,no,ee73e7ec-3e81-4994-ac30-e7fdc2477548,2026-07-21T11:21:18+00:00,https://label.tera-ai.uk/labeling/motion/ee73e7ec-3e81-4994-ac30-e7fdc2477548,
wheel_ep_050,no,fb1a36f9-a4ae-4cc0-add1-e14090b87bed,2026-07-21T11:25:19+00:00,https://label.tera-ai.uk/labeling/motion/fb1a36f9-a4ae-4cc0-add1-e14090b87bed,
wheel_ep_051,yes,e2820cdb-23c7-41d8-baf2-df2d73140ffe,2026-07-21T11:26:20+00:00,https://label.tera-ai.uk/labeling/motion/e2820cdb-23c7-41d8-baf2-df2d73140ffe,
wheel_ep_051,yes,f5cf301c-b171-4ca1-a65c-0923fb09633e,2026-07-21T11:27:20+00:00,https://label.tera-ai.uk/labeling/motion/f5cf301c-b171-4ca1-a65c-0923fb09633e,
wheel_ep_051,no,218d1040-6042-49a5-bdfb-e963e78a1fad,2026-07-21T11:28:21+00:00,https://label.tera-ai.uk/labeling/motion/218d1040-6042-49a5-bdfb-e963e78a1fad,
wheel_ep_051,no,6846d219-a907-4085-ac08-ca34b5b47d04,2026-07-21T11:35:12+00:00,https://label.tera-ai.uk/labeling/motion/6846d219-a907-4085-ac08-ca34b5b47d04,
wheel_ep_051,no,d911fdc5-0b79-466e-8730-2b3d406bf4c8,2026-07-21T11:31:10+00:00,https://label.tera-ai.uk/labeling/motion/d911fdc5-0b79-466e-8730-2b3d406bf4c8,
wheel_ep_051,no,eeffc512-1e81-4eb9-ba94-30d9715a5e88,2026-07-21T11:34:11+00:00,https://label.tera-ai.uk/labeling/motion/eeffc512-1e81-4eb9-ba94-30d9715a5e88,
wheel_ep_051,no,f3fb2fb2-29e8-4dda-8cb3-5696db5e0284,2026-07-21T11:32:10+00:00,https://label.tera-ai.uk/labeling/motion/f3fb2fb2-29e8-4dda-8cb3-5696db5e0284,
wheel_ep_052,yes,1f42b95a-c63e-4f44-ac76-49a59cecf222,2026-07-21T11:43:15+00:00,https://label.tera-ai.uk/labeling/motion/1f42b95a-c63e-4f44-ac76-49a59cecf222,
wheel_ep_052,yes,e7e4a724-5a36-4830-988c-2223d5e6ccc7,2026-07-21T11:38:13+00:00,https://label.tera-ai.uk/labeling/motion/e7e4a724-5a36-4830-988c-2223d5e6ccc7,
wheel_ep_052,no,11613768-9cd3-470b-b3c6-22a25d4f65cd,2026-07-21T11:39:13+00:00,https://label.tera-ai.uk/labeling/motion/11613768-9cd3-470b-b3c6-22a25d4f65cd,
wheel_ep_052,no,ae0c1f86-5904-4245-a0c1-5967057d4c54,2026-07-21T11:41:14+00:00,https://label.tera-ai.uk/labeling/motion/ae0c1f86-5904-4245-a0c1-5967057d4c54,
wheel_ep_052,no,b36bc4f8-0251-4a36-8166-d036a0668ca6,2026-07-21T11:45:16+00:00,https://label.tera-ai.uk/labeling/motion/b36bc4f8-0251-4a36-8166-d036a0668ca6,
wheel_ep_053,yes,bdfe124c-77f9-4146-beba-127f747cf3e3,2026-07-21T11:49:18+00:00,https://label.tera-ai.uk/labeling/motion/bdfe124c-77f9-4146-beba-127f747cf3e3,
wheel_ep_053,yes,d19e2384-c2e7-4770-bacd-0f34d4e9d170,2026-07-21T11:55:20+00:00,https://label.tera-ai.uk/labeling/motion/d19e2384-c2e7-4770-bacd-0f34d4e9d170,
wheel_ep_053,no,0d63329a-78b9-4ba1-bf14-6da29baae132,2026-07-21T11:53:19+00:00,https://label.tera-ai.uk/labeling/motion/0d63329a-78b9-4ba1-bf14-6da29baae132,
wheel_ep_053,no,406b7107-9779-4c64-9cdf-599a3225d0c8,2026-07-21T11:47:17+00:00,https://label.tera-ai.uk/labeling/motion/406b7107-9779-4c64-9cdf-599a3225d0c8,
wheel_ep_054,yes,2eeb8b06-f455-4531-a823-48f2445a2587,2026-07-21T11:57:21+00:00,https://label.tera-ai.uk/labeling/motion/2eeb8b06-f455-4531-a823-48f2445a2587,
wheel_ep_054,yes,48be28a2-4064-4d4e-946c-bd4ddc5c3427,2026-07-21T12:04:10+00:00,https://label.tera-ai.uk/labeling/motion/48be28a2-4064-4d4e-946c-bd4ddc5c3427,
wheel_ep_054,no,94235b2e-546d-41fa-a5ef-4c6549534cc4,2026-07-21T12:02:09+00:00,https://label.tera-ai.uk/labeling/motion/94235b2e-546d-41fa-a5ef-4c6549534cc4,
wheel_ep_054,no,af62d2f8-8e2a-48f7-8417-46a543fbb31b,2026-07-21T12:07:12+00:00,https://label.tera-ai.uk/labeling/motion/af62d2f8-8e2a-48f7-8417-46a543fbb31b,
wheel_ep_055,yes,4df3579d-b333-4bd9-8a3c-4b83a4c83265,2026-07-21T12:16:15+00:00,https://label.tera-ai.uk/labeling/motion/4df3579d-b333-4bd9-8a3c-4b83a4c83265,
wheel_ep_055,yes,91180e25-c5e8-4e96-a4ca-c24029dcdbfd,2026-07-21T12:15:15+00:00,https://label.tera-ai.uk/labeling/motion/91180e25-c5e8-4e96-a4ca-c24029dcdbfd,
wheel_ep_055,no,3c41f882-a893-4529-8d6c-68068833c22c,2026-07-21T12:09:12+00:00,https://label.tera-ai.uk/labeling/motion/3c41f882-a893-4529-8d6c-68068833c22c,
wheel_ep_055,no,6742da46-e3f1-4245-8c4f-21536d494b93,2026-07-21T12:17:16+00:00,https://label.tera-ai.uk/labeling/motion/6742da46-e3f1-4245-8c4f-21536d494b93,
wheel_ep_055,no,6dc28a15-42b8-457b-8343-0e114edc439f,2026-07-21T12:11:13+00:00,https://label.tera-ai.uk/labeling/motion/6dc28a15-42b8-457b-8343-0e114edc439f,
wheel_ep_055,no,84c35082-4ae4-44dc-8ce3-7855fab48299,2026-07-21T12:14:15+00:00,https://label.tera-ai.uk/labeling/motion/84c35082-4ae4-44dc-8ce3-7855fab48299,
wheel_ep_056,yes,53ce898a-349a-4568-ae74-f0d65a00455f,2026-07-21T12:18:16+00:00,https://label.tera-ai.uk/labeling/motion/53ce898a-349a-4568-ae74-f0d65a00455f,
wheel_ep_056,yes,b1910267-d290-4ba1-bf7e-66ec4fe84985,2026-07-21T12:19:17+00:00,https://label.tera-ai.uk/labeling/motion/b1910267-d290-4ba1-bf7e-66ec4fe84985,
wheel_ep_057,yes,0cccce46-eb43-4a1e-8441-7e5efd19fb0b,2026-07-21T16:56:45+00:00,https://label.tera-ai.uk/labeling/motion/0cccce46-eb43-4a1e-8441-7e5efd19fb0b,
wheel_ep_057,yes,8235c03a-83ad-4acb-afea-2b0f2d47ef9c,2026-07-21T16:53:14+00:00,https://label.tera-ai.uk/labeling/motion/8235c03a-83ad-4acb-afea-2b0f2d47ef9c,
wheel_ep_058,yes,567dc310-c4c3-4558-91e2-af51f258b7a5,2026-07-21T17:01:48+00:00,https://label.tera-ai.uk/labeling/motion/567dc310-c4c3-4558-91e2-af51f258b7a5,
wheel_ep_058,yes,cf8fe936-a665-4b94-9f54-447f8aac1920,2026-07-21T17:00:42+00:00,https://label.tera-ai.uk/labeling/motion/cf8fe936-a665-4b94-9f54-447f8aac1920,
wheel_ep_059,yes,7427875c-5b8a-4fe1-bae3-6de48959641e,2026-07-21T17:23:43+00:00,https://label.tera-ai.uk/labeling/motion/7427875c-5b8a-4fe1-bae3-6de48959641e,
wheel_ep_059,yes,8484634b-06a7-43c8-84f8-2837beafca1e,2026-07-21T17:27:58+00:00,https://label.tera-ai.uk/labeling/motion/8484634b-06a7-43c8-84f8-2837beafca1e,
wheel_ep_059,no,34d7c1f2-6cb3-47b6-8bea-5bc85f85c8dc,2026-07-21T17:26:49+00:00,https://label.tera-ai.uk/labeling/motion/34d7c1f2-6cb3-47b6-8bea-5bc85f85c8dc,
wheel_ep_059,no,57e438fd-fed0-4459-9353-f2b2940feaa1,2026-07-21T17:24:45+00:00,https://label.tera-ai.uk/labeling/motion/57e438fd-fed0-4459-9353-f2b2940feaa1,
wheel_ep_059,no,9f32b893-4333-47e2-a08c-d1b9a410f13a,2026-07-21T17:31:22+00:00,https://label.tera-ai.uk/labeling/motion/9f32b893-4333-47e2-a08c-d1b9a410f13a,
wheel_ep_059,no,a42616cd-33ce-4e26-873a-3d16d7a5c148,2026-07-21T17:25:46+00:00,https://label.tera-ai.uk/labeling/motion/a42616cd-33ce-4e26-873a-3d16d7a5c148,
wheel_ep_060,yes,0d603b15-74cc-4fa3-83ef-146be2107544,2026-07-21T17:34:20+00:00,https://label.tera-ai.uk/labeling/motion/0d603b15-74cc-4fa3-83ef-146be2107544,
wheel_ep_060,yes,b7534aa6-5cab-4500-bb25-1d1ca7cf75bb,2026-07-21T17:40:28+00:00,https://label.tera-ai.uk/labeling/motion/b7534aa6-5cab-4500-bb25-1d1ca7cf75bb,
wheel_ep_060,no,62f9c8b8-dce8-4b85-b564-9b4cd309f51e,2026-07-21T17:39:10+00:00,https://label.tera-ai.uk/labeling/motion/62f9c8b8-dce8-4b85-b564-9b4cd309f51e,
wheel_ep_060,no,bb176781-f2cd-48ca-9666-e40a9c958a76,2026-07-21T17:35:24+00:00,https://label.tera-ai.uk/labeling/motion/bb176781-f2cd-48ca-9666-e40a9c958a76,
wheel_ep_061,yes,112cf2d4-c958-4cc0-9d8c-e71115e5a10d,2026-07-21T17:47:56+00:00,https://label.tera-ai.uk/labeling/motion/112cf2d4-c958-4cc0-9d8c-e71115e5a10d,
wheel_ep_061,yes,a06945a3-8176-4abc-afc4-15adf77d3e80,2026-07-21T17:49:06+00:00,https://label.tera-ai.uk/labeling/motion/a06945a3-8176-4abc-afc4-15adf77d3e80,
wheel_ep_062,yes,03171b2e-62e4-474a-ad37-d74b6b707ae8,2026-07-21T17:58:19+00:00,https://label.tera-ai.uk/labeling/motion/03171b2e-62e4-474a-ad37-d74b6b707ae8,
wheel_ep_062,yes,53e2442d-1cad-4ce0-a33b-b1b479b2a25c,2026-07-21T18:00:50+00:00,https://label.tera-ai.uk/labeling/motion/53e2442d-1cad-4ce0-a33b-b1b479b2a25c,
wheel_ep_063,yes,6bd000a1-349d-4784-b589-acae53afbe1b,2026-07-21T18:22:56+00:00,https://label.tera-ai.uk/labeling/motion/6bd000a1-349d-4784-b589-acae53afbe1b,
wheel_ep_063,yes,e6892d94-9d06-4fd7-a257-aea41a0ae066,2026-07-21T18:19:54+00:00,https://label.tera-ai.uk/labeling/motion/e6892d94-9d06-4fd7-a257-aea41a0ae066,
wheel_ep_063,no,579af070-e96c-4a1d-995a-54694b762b38,2026-07-21T18:21:55+00:00,https://label.tera-ai.uk/labeling/motion/579af070-e96c-4a1d-995a-54694b762b38,
wheel_ep_063,no,c7cd1e96-0dc6-4dcf-873f-acb7f32045ae,2026-07-21T18:20:55+00:00,https://label.tera-ai.uk/labeling/motion/c7cd1e96-0dc6-4dcf-873f-acb7f32045ae,
wheel_ep_064,yes,8a06bc11-a070-49d5-8cfd-325a994ac64d,2026-07-21T18:24:00+00:00,https://label.tera-ai.uk/labeling/motion/8a06bc11-a070-49d5-8cfd-325a994ac64d,
wheel_ep_064,yes,c9ddfe20-85c8-4a3e-98cf-8f62e214d7a7,2026-07-21T18:28:12+00:00,https://label.tera-ai.uk/labeling/motion/c9ddfe20-85c8-4a3e-98cf-8f62e214d7a7,
wheel_ep_064,no,3dc187f2-613e-4c7c-8bb5-86ef1cfc3a23,2026-07-21T18:31:30+00:00,https://label.tera-ai.uk/labeling/motion/3dc187f2-613e-4c7c-8bb5-86ef1cfc3a23,
wheel_ep_064,no,882746ff-0926-434f-abfa-f3e8dc9eddd0,2026-07-21T18:29:13+00:00,https://label.tera-ai.uk/labeling/motion/882746ff-0926-434f-abfa-f3e8dc9eddd0,
wheel_ep_064,no,bb03952a-a746-49e7-b85c-8d2279e15ecf,2026-07-21T18:32:33+00:00,https://label.tera-ai.uk/labeling/motion/bb03952a-a746-49e7-b85c-8d2279e15ecf,
wheel_ep_064,no,d11b4ae8-68cf-4aa2-b608-2470b6f9b762,2026-07-21T18:27:12+00:00,https://label.tera-ai.uk/labeling/motion/d11b4ae8-68cf-4aa2-b608-2470b6f9b762,
wheel_ep_065,yes,3c6151b1-f7fb-446a-89b3-3d215d400f34,2026-07-21T18:40:51+00:00,https://label.tera-ai.uk/labeling/motion/3c6151b1-f7fb-446a-89b3-3d215d400f34,
wheel_ep_065,yes,e805776c-dc12-489a-9f30-081a7f366e8f,2026-07-21T18:39:33+00:00,https://label.tera-ai.uk/labeling/motion/e805776c-dc12-489a-9f30-081a7f366e8f,
wheel_ep_065,no,400ce4fc-0893-4a57-8a9f-bd5dcc30c68d,2026-07-21T18:34:22+00:00,https://label.tera-ai.uk/labeling/motion/400ce4fc-0893-4a57-8a9f-bd5dcc30c68d,
wheel_ep_065,no,6de82074-8e0e-4cac-9df1-8a1d7c8c3fa5,2026-07-21T18:38:31+00:00,https://label.tera-ai.uk/labeling/motion/6de82074-8e0e-4cac-9df1-8a1d7c8c3fa5,
wheel_ep_065,no,b6966cfe-6ec2-4ba8-a835-eff1146a299a,2026-07-21T18:41:51+00:00,https://label.tera-ai.uk/labeling/motion/b6966cfe-6ec2-4ba8-a835-eff1146a299a,
wheel_ep_066,yes,2f08810e-69e9-4e31-9217-64b01a5f6581,2026-07-21T18:51:00+00:00,https://label.tera-ai.uk/labeling/motion/2f08810e-69e9-4e31-9217-64b01a5f6581,
wheel_ep_066,yes,eb229269-40ff-4034-b0e4-1eccb17c1a82,2026-07-21T18:52:01+00:00,https://label.tera-ai.uk/labeling/motion/eb229269-40ff-4034-b0e4-1eccb17c1a82,
wheel_ep_066,no,c5aebfbc-64e9-4734-aaad-ecc1cb2b8b44,2026-07-21T18:45:10+00:00,https://label.tera-ai.uk/labeling/motion/c5aebfbc-64e9-4734-aaad-ecc1cb2b8b44,
wheel_ep_067,yes,c1af17e2-3915-4693-93dd-1824a25d7eef,2026-07-21T18:53:01+00:00,https://label.tera-ai.uk/labeling/motion/c1af17e2-3915-4693-93dd-1824a25d7eef,
wheel_ep_067,yes,c74670fe-e578-43e3-b31a-a35545bacd64,2026-07-21T18:46:10+00:00,https://label.tera-ai.uk/labeling/motion/c74670fe-e578-43e3-b31a-a35545bacd64,
wheel_ep_068,yes,1d616ada-45f1-4aaf-bc41-50a8a05a5f0e,2026-07-21T19:00:20+00:00,https://label.tera-ai.uk/labeling/motion/1d616ada-45f1-4aaf-bc41-50a8a05a5f0e,
wheel_ep_068,yes,58291b5c-96dd-4859-b314-baaf64bb3ee7,2026-07-21T18:58:09+00:00,https://label.tera-ai.uk/labeling/motion/58291b5c-96dd-4859-b314-baaf64bb3ee7,
wheel_ep_068,no,5de1338b-b150-4a65-a1f8-80e8645290e9,2026-07-21T18:59:09+00:00,https://label.tera-ai.uk/labeling/motion/5de1338b-b150-4a65-a1f8-80e8645290e9,
wheel_ep_069,yes,0b699bef-fbc3-46e1-a163-e8fcd24aebc6,2026-07-21T19:16:35+00:00,https://label.tera-ai.uk/labeling/motion/0b699bef-fbc3-46e1-a163-e8fcd24aebc6,
wheel_ep_069,yes,b4ee055f-eb6e-4ae9-9fef-3bbe8b56ac3a,2026-07-21T19:08:37+00:00,https://label.tera-ai.uk/labeling/motion/b4ee055f-eb6e-4ae9-9fef-3bbe8b56ac3a,
wheel_ep_069,yes,cd58c2c3-2106-4ae3-a1a4-cc1815618977,2026-07-21T19:10:38+00:00,https://label.tera-ai.uk/labeling/motion/cd58c2c3-2106-4ae3-a1a4-cc1815618977,
wheel_ep_069,no,adef5e6b-1a17-44a4-a018-f4095706c919,2026-07-21T19:09:38+00:00,https://label.tera-ai.uk/labeling/motion/adef5e6b-1a17-44a4-a018-f4095706c919,
wheel_ep_069,no,b6966809-3091-4f57-9590-cf002e7ab61e,2026-07-21T19:11:39+00:00,https://label.tera-ai.uk/labeling/motion/b6966809-3091-4f57-9590-cf002e7ab61e,
wheel_ep_070,yes,7371dd29-d625-41c9-a24b-c60a520961c0,2026-07-21T19:27:28+00:00,https://label.tera-ai.uk/labeling/motion/7371dd29-d625-41c9-a24b-c60a520961c0,
wheel_ep_070,yes,f4371069-aa57-4fe9-9789-b9a6cb5b449a,2026-07-21T19:24:26+00:00,https://label.tera-ai.uk/labeling/motion/f4371069-aa57-4fe9-9789-b9a6cb5b449a,
wheel_ep_070,no,646d0358-905a-4ab7-b15b-2e2921aa5260,2026-07-21T19:22:17+00:00,https://label.tera-ai.uk/labeling/motion/646d0358-905a-4ab7-b15b-2e2921aa5260,
wheel_ep_070,no,970837bc-b3c5-47c0-9174-7987cae53728,2026-07-21T19:23:17+00:00,https://label.tera-ai.uk/labeling/motion/970837bc-b3c5-47c0-9174-7987cae53728,
wheel_ep_071,yes,36792a6c-af8a-46ab-9450-1331f585f5b5,2026-07-21T19:26:27+00:00,https://label.tera-ai.uk/labeling/motion/36792a6c-af8a-46ab-9450-1331f585f5b5,
wheel_ep_071,yes,4eb1039f-d43e-485d-a43f-8ded9c471a9c,2026-07-21T19:25:26+00:00,https://label.tera-ai.uk/labeling/motion/4eb1039f-d43e-485d-a43f-8ded9c471a9c,
wheel_ep_072,yes,6bf18ba0-cc92-4ff7-9cd3-c8a7d9d01bdf,2026-07-21T19:32:34+00:00,https://label.tera-ai.uk/labeling/motion/6bf18ba0-cc92-4ff7-9cd3-c8a7d9d01bdf,
wheel_ep_072,yes,de87741a-02e2-4024-aaea-ea968bda2ceb,2026-07-21T19:30:32+00:00,https://label.tera-ai.uk/labeling/motion/de87741a-02e2-4024-aaea-ea968bda2ceb,
wheel_ep_072,no,17ba39d3-929e-47ab-a53a-af7fd69a2813,2026-07-21T19:34:36+00:00,https://label.tera-ai.uk/labeling/motion/17ba39d3-929e-47ab-a53a-af7fd69a2813,
wheel_ep_073,yes,2bfcd1d7-cb17-4563-b937-a91b87f75d09,2026-07-21T19:35:37+00:00,https://label.tera-ai.uk/labeling/motion/2bfcd1d7-cb17-4563-b937-a91b87f75d09,
wheel_ep_073,yes,2c6c3fb5-8038-4d86-8237-ae0b9225134c,2026-07-21T19:36:38+00:00,https://label.tera-ai.uk/labeling/motion/2c6c3fb5-8038-4d86-8237-ae0b9225134c,
wheel_ep_074,yes,86a5c6f0-8890-4166-a642-9b2afb6d6a7b,2026-07-21T19:40:07+00:00,https://label.tera-ai.uk/labeling/motion/86a5c6f0-8890-4166-a642-9b2afb6d6a7b,
wheel_ep_074,yes,fc0b41cd-84c2-48dc-b7c9-65478608abfd,2026-07-21T19:42:09+00:00,https://label.tera-ai.uk/labeling/motion/fc0b41cd-84c2-48dc-b7c9-65478608abfd,
wheel_ep_074,no,94597fd9-c056-4b9a-8dea-0a59ddaa9b46,2026-07-21T19:41:08+00:00,https://label.tera-ai.uk/labeling/motion/94597fd9-c056-4b9a-8dea-0a59ddaa9b46,
wheel_ep_075,yes,15df0c38-db5c-4a59-b3b9-54330f8e5186,2026-07-21T19:58:38+00:00,https://label.tera-ai.uk/labeling/motion/15df0c38-db5c-4a59-b3b9-54330f8e5186,
wheel_ep_075,yes,8f1dd89f-9868-4390-b74d-0073a47a7fd2,2026-07-21T20:02:11+00:00,https://label.tera-ai.uk/labeling/motion/8f1dd89f-9868-4390-b74d-0073a47a7fd2,
wheel_ep_076,yes,0ddfae09-942d-453e-a4bd-9e01884e0636,2026-07-21T20:03:12+00:00,https://label.tera-ai.uk/labeling/motion/0ddfae09-942d-453e-a4bd-9e01884e0636,
wheel_ep_076,yes,3cc1a401-9024-415a-a763-ccda460eb992,2026-07-21T20:10:50+00:00,https://label.tera-ai.uk/labeling/motion/3cc1a401-9024-415a-a763-ccda460eb992,
wheel_ep_076,no,03605a22-09bd-4883-b5e4-cdc4c82d5162,2026-07-21T20:06:15+00:00,https://label.tera-ai.uk/labeling/motion/03605a22-09bd-4883-b5e4-cdc4c82d5162,
wheel_ep_076,no,05877f5f-51f6-466c-a8d6-44244cf726d8,2026-07-21T20:04:13+00:00,https://label.tera-ai.uk/labeling/motion/05877f5f-51f6-466c-a8d6-44244cf726d8,
wheel_ep_076,no,1f13eb32-0e8c-48bf-966f-84b9b5658303,2026-07-21T20:05:14+00:00,https://label.tera-ai.uk/labeling/motion/1f13eb32-0e8c-48bf-966f-84b9b5658303,
wheel_ep_077,yes,38a84a01-ad02-4a70-b330-ad8c3039cc78,2026-07-21T20:21:28+00:00,https://label.tera-ai.uk/labeling/motion/38a84a01-ad02-4a70-b330-ad8c3039cc78,
wheel_ep_077,yes,3f1d9f7c-ad75-4c20-9f14-625a4a68a24d,2026-07-21T20:18:22+00:00,https://label.tera-ai.uk/labeling/motion/3f1d9f7c-ad75-4c20-9f14-625a4a68a24d,
wheel_ep_077,no,c40b29e1-4437-4b8f-8c27-e165c2828a1e,2026-07-21T20:14:11+00:00,https://label.tera-ai.uk/labeling/motion/c40b29e1-4437-4b8f-8c27-e165c2828a1e,
wheel_ep_078,yes,9f3c7bf9-f16e-4f9c-822f-809f94dfeba4,2026-07-21T20:28:04+00:00,https://label.tera-ai.uk/labeling/motion/9f3c7bf9-f16e-4f9c-822f-809f94dfeba4,
wheel_ep_078,yes,fc32ea49-e7db-4df2-8ae9-5f441e65b82b,2026-07-21T20:34:15+00:00,https://label.tera-ai.uk/labeling/motion/fc32ea49-e7db-4df2-8ae9-5f441e65b82b,
wheel_ep_079,yes,0478cb88-e36b-4b26-a209-f48147501bda,2026-07-21T20:51:40+00:00,https://label.tera-ai.uk/labeling/motion/0478cb88-e36b-4b26-a209-f48147501bda,
wheel_ep_079,yes,2b9de6a5-5f96-4a70-8b27-d45fcc2742e3,2026-07-21T21:00:33+00:00,https://label.tera-ai.uk/labeling/motion/2b9de6a5-5f96-4a70-8b27-d45fcc2742e3,
wheel_ep_079,yes,ab22d2d9-d292-4246-83c8-70327fb3b1b0,2026-07-21T20:52:40+00:00,https://label.tera-ai.uk/labeling/motion/ab22d2d9-d292-4246-83c8-70327fb3b1b0,
wheel_ep_079,no,162ee673-9942-4e82-abce-0bad34c8cf0a,2026-07-21T20:58:23+00:00,https://label.tera-ai.uk/labeling/motion/162ee673-9942-4e82-abce-0bad34c8cf0a,
wheel_ep_079,no,7ebf4483-9c57-4e14-a428-b7145cb549b2,2026-07-21T20:55:57+00:00,https://label.tera-ai.uk/labeling/motion/7ebf4483-9c57-4e14-a428-b7145cb549b2,
wheel_ep_079,no,da1b7013-3f32-4408-8a79-2cb43715578b,2026-07-21T20:53:41+00:00,https://label.tera-ai.uk/labeling/motion/da1b7013-3f32-4408-8a79-2cb43715578b,
wheel_ep_079,no,f2ad846b-2409-440b-bd39-fe654b377faf,2026-07-21T20:57:23+00:00,https://label.tera-ai.uk/labeling/motion/f2ad846b-2409-440b-bd39-fe654b377faf,
wheel_ep_080,yes,0af9db2d-7317-4e74-a850-1241a313280a,2026-07-21T20:59:24+00:00,https://label.tera-ai.uk/labeling/motion/0af9db2d-7317-4e74-a850-1241a313280a,
wheel_ep_080,yes,2533cf0b-4602-4546-90b3-a162272b929d,2026-07-21T20:54:54+00:00,https://label.tera-ai.uk/labeling/motion/2533cf0b-4602-4546-90b3-a162272b929d,
wheel_ep_080,yes,f6059d73-017a-421e-87be-7d4e14a6330b,2026-07-21T20:50:39+00:00,https://label.tera-ai.uk/labeling/motion/f6059d73-017a-421e-87be-7d4e14a6330b,
